<?xml version="1.0" encoding="UTF-8" standalone="yes"?>
<ns2:language-label-package xmlns:ns2="br.com.inpaas">
    <labels>
        <label key="label.formv2.components.basic">
            <default>Basic</default>
            <translations>
                <entry>
                    <key>pt</key>
                    <value>Básico</value>
                </entry>
                <entry>
                    <key>en</key>
                    <value>Basic</value>
                </entry>
            </translations>
        </label>
        <label key="label.studiov2">
            <default>Studio V2</default>
            <translations/>
        </label>
        <label key="label.studiov2.formdesigner">
            <default>Form Designer</default>
            <translations/>
        </label>
    </labels>
</ns2:language-label-package>
